darija,eng,darija_ar
khayfa itra liya bhalha,I am afraid what happend to her will happen to me,خايفا إطرا لييا بحالها
chno ghaytra lik mazal ?,What's still going to happen to you,شنو غايطرا ليك مازال ?
khda liya flousi ohyati,He took my money and my life,خدا لييا فلوسي أُحياتي
koun 3raft ghi fach tayfakar,If only I knew what he was thinking,كون عرافت غي فاش تايفاكار
bghit nrkab tiyara,I want to get in the plane,بغيت نركاب طييارا
nmchi lblasa b3ida,Going somewhere far away,نمشي لبلاصا بعيدا
bghit nglas bohdi,I want to sit alone,بغيت نڭلاس بوحدي
3yit mn klam nas,I am tired of people,عييت من كلام ناس
kolchi kayhdar fd9a,All speak at once,كولشي كايهدار فدقا
ana hadchi ma3jbnich,I don't like this,أنا هادشي ماعجبنيش
kifach ghatkoun lhayat bohdak,How life will be alone,كيفاش غاتكون لحايات بوحداك
tawahad makayhdar bsaraha,No one is talking honestly,تاواهاد ماكايهدار بصاراحا
lkdoub tl3o liya frasi,I am sick with lies,لكدوب طلعو لييا فراسي
koun lgit nba3ad,If I could go far away,كون لڭيت نباعاد
drabha chhal mn mra,He hits her many times,درابها شحال من مرا
dban kayzanzan fwadniya,The flis are buzzing on my ears,دبان كايزانزان فوادنييا
3lach kayzanzan dban?,Why the flies are buzzing?,علاش كايزانزان دبان?
lkozina mrawna,The kitchen is disorganized,لكوزينا مراونا
mazal madart lghda,I did not prepare the lauch yet,مازال مادارت لغدا
aslan mafiya maydir chihaja,I do not have the mood to do anything,أصلا مافييا مايدير شيحاجة
3lach tgalsi bohdak ?,Why are you setting alone ?,علاش تڭالسي بوحداك ?
lhob kayn ghi flaflam,Love only exists in movies,الحب كاين غي فالافلام
ihtimam 9lil fach kathasi bih,It is rare when you feel interest,إهتمام قليل فاش كاتهاسي بيه
kay3jabni nsma3 lradio,I like listening to radio,كايعجابني نسماع لراديو
3lach katsam3i lradio ?,Why are you listening to radio ?,علاش كاتسامعي لراديو ?
kansma3 lih fsbah,I listen to it in the morning,كانسماع ليه فالصباح
kansma3 lih blil,I listen to it in the night,كانسماع ليه بالليل
kat3almi tsam3i mzyan,You learn how to listen well,كاتعالمي تسامعي مزيان
fih bzzef dlma3loumat,It contains lot of information,فيه بزّف دالمعلومات
kaydiro aghani mra mra,They make songs from time to time,كايديرو أغاني مرا مرا
kanbghi nghowat bjahd,I want to scream loud,كانبغي نغووات بجاهد
tsala liya saboun,The soap is finished,تسالا لييا سابون
ghanchri radio,I am going to buy a radio,غانشري راديو
fin chriti radio?,Where did you buy the radio ?,فين شريتي راديو?
bchhal chriti radio?,How much did you pay for the radio?,بشحال شريتي راديو?
had radio kbir bzzef,This radio is very big,هاد راديو كبير بزّف
had radio sghir bzzef,This radio is too small,هاد راديو صغير بزّف
bghit radio ly kaytcharja,I want a chargeable radio,بغيت راديو لي كايتشارجا
khsar liya radio dyali,My radio is damaged,خسار لييا راديو ديالي
3jabni had radio bzzef,I like this radio so much,عجابني هاد راديو بزّف
khasni radio ftomobil,I need a radio in my car,خاسني راديو فطوموبيل
khasni radio fdar,I need a radio in my house,خاسني راديو فدار
kansta3ml radio bzzef,I often use radio,كانستاعمل راديو بزّف
dima kanhalo nsma3 lih,I turn it on always to listen to it,ديما كانحالو نسماع ليه
lbka kayriyih,Crying make you feel relaxed,لبكا كايريييه
kay3jabni nglas bohdi onbkii,I like sitting down alone and cry ,كايعجابني نڭلاس بوحدي أُنبكيّ
kandam 3la ayihaja dartha,I regret everything I've done,كاندام علا أيي حاجة دارتها
kantsamah m3a rasi,I forgive myself,كانتساماح معا راسي
chkoun ly bkak ?,What made you cry ?,شكون لي بكاك ?
chhal mn wahad adani fhyati,Many people hurt me in my life,شحال من واحاد أداني فحياتي
chkoun adak ?,Who hurted you ?,شكون أداك ?
maghadich nhasbhoum,I'm not going to judge or punish them for what happened,ماغاديش نحاسبهوم
chkoun ghadi ihasbhoum ?,Who is going to judge them?,شكون غادي إحاسبهوم ?
3lach mahasbtihoumch ?,Why didn't you judge them ?,علاش ماتحاسبيهومش ?
maghadich ndayi3 wa9ti 3lihoum,I am not going to waste my time with them,ماغاديش نضاييع واقتي عليهوم
aslan maystahliuch,They don't deserve,أصلا مايستاهليوش
3datni 3a9rab,I was bitten by a scorpion,عضاتني عاقراب
dowzat 3liya lwil,She tortured me,دووزات علييا لويل
galt wach ghanmout,She said if ever I am going to die,ڭالت واش غانموت
sa3a hani mazala flhayat,Yet I am still alive,ساعا هاني مازالا فالحياة
khasha t3awad kolchi mn lowal,She should tell everything from the beginnng,خاصها تعاواد كولشي من لووال
hadi hiya lkhdma lm3awda,that's the repeated work,هادي هييا لخدما لمعاودا
kaygoul liha rasha ma3raft chno,I don't know what she thinks she is,كايڭول ليها راسها ماعرافت شنو
dima hiya mtkabra,She's always arrogant,ديما هييا متكابرا
goli lina achti lma9adir,Tell us the receipt sister,ڭولي لينا أختي لماقادير
achnou kadiri khlini nchouf,What are you doing ? let me see,أشنو كاديري خليني نشوف
hadchi dialk wch mslkk?,Is this stuff good for you ?,هادشي ديالك وش مسلكّ?
n9sti bzaf,You have been dicreased a lot,نقستي بزاف
ahssan fikra derti,The best idea you've ever done,أحسن فكرة درتي
lclient jdad ido9o,Let the new client taste,لكليان جداد إدوقو
khashom i3arfo som3tek,The should know your reputation,خاسهوم إعارفو سومعتك
dik sa3a diri li mselkek,Then do whatever is good for you,ديك ساعا ديري لي مسلكك
ana fach bdit kano nas igolo li no9si khaski tkasbi kliyan,,أنا فاش بديت كانو ناس إڭولو لي نوقسي خاسكي تكاسبي كلييان
rangol lik men tajribti,I will tell you based on my experience,رانڭول ليك من تاجريبتي
lkliyan kaybghi lma39ol n9a wljawda,The clients want serious cleanty and quality,لكلييان كايبغي الماعقول نقا والجاودا
nas kaybghiw taman ma29ol,People want a reasonable price,ناس كايبغيو ثمن معقول
kaday3 rasha kolchi ghali,She's losing herself everything is expensive,كاضيع راسها كولشي غالي
taman limsalkha diro men nhar lawl,She should put the best price for her since the first day,تامان ليمسالكها ديرو من نهار لاول
mafhamtch 3lach katn9si ftaman,I don't understand why are you dicreasing the price,مافهامتش علاش كاتنقصي فالثمن
rah daba sal3a ghlat,The products are now expensive,راه دابا السلعة غلات
ila bditi katn9si nas kaywlfouha,If you are starting to dicrease people will get used to it,إلا بديتي كاتنقسي ناس كايولفوها
ana maghandirch bhalk,I will not do as you did,أنا ماغانديرش بحالك
mn lawal ghanbi3 btaman 3adi,I will sell with an average price since the beginning,من لاوال غانبيع بثمن عادي
maghanbi3ch btaman na9s,I will not sell with a low price,ماغانبيعش بثمن ناقس
ndiroha fach netla9aw,We will make it once we meet each other,نديروها فاش نتلاقاو
hna rah dima kankhatro,We always negociate,هنا راه ديما كانتخاترو
ma3raft imta ghantla9aw,I don't know when are we going to meet,ماعرافت إمتا غانتلاقاو
lmawa3id dialna makaysd9och,Our dates do not go as expected,لماواعيد ديالنا ماكايصدقوش
wach ntla9aw m3a sahbtna ?,Should we meet her friend ?,واش نتلاقاو معا صاحبتنا ?
kandan bli hiya mamsaliyach,I think she does not have time,كانظن بلي هييا مامساليياش
wlat dima machghola mouakharan,She is always busy lately, ولات ديما مشغولا مؤخرا
nti masawaltihach ?,You did not ask her ?,نتي ماساوالتيهاش ?
ila swltiha za3ma tgol lina saraha, If you asked her, is she going to tell us the truth ?,إلا سولتيها زاعما تڭول لينا الصراحة
chhal dl fdoul fina ?,How curious are we ?,شحال ديال الفضول فينا ?
hna rah shabat,We are friends,حنا راه صحابات
khasna n3arfou kolchi 3la b3diyatna,We should know anything on each other,خاسنا نعارفو كولشي علا بعضيياتنا
wach mtakda bli hadchi likhasou ikon?,Are you sure this is what should happen ?,واش متاكدا بلي هادشي ليخاسو إكون?
maghanfrad 3la hta chi wahad chihaja,I am not going to force anything on anyone,ماغانفرض علا حتا شي واهاد شيحاجة
hta nti matgolich liha asrark,Do not tell her your secrets too,حتا نتي ماتڭوليش ليها أسرارك
ana za3ma tay9a fiha,I put my trust in her,أنا زاعما تايقا فيها
knt kangolikom kolchi,I used to tell you everything,كنت كانڭوليكوم كولشي
daba ghanghayar mn hadchi,Now I will change this,دابا غانغايار من هادشي
ana sayma lyoum,I am fasting today,أنا صايما ليوم
wach hta malin dar?,Also my family ?,واش حتا مالين دار?
malin dar yalah tghdaw,My family has just had lunch,مالين دار يالاه تغداو
ana ghansafar had l3otla,I am going to travel this holiday,أنا غانسافار هاد لعوطلا
hadchi libghat lwa9t,That's what's wanted,هادشي ليبغات لواقت
kansma3 lmosi9a bzaf,I listen to music a lot,كانسماع لموسيقا بزاف
chkon lizad lmosi9a,Who has raised the music?,شكون ليزاد لموسيقا
dima kaybarztona,They're always bothering us,ديما كايبارزتونا
wach ma3arfinch bli nas na3sin,Didn't you know that people are sleeping ?,واش ماعارفينش بلي ناس ناعسين
rah 3ya9 fhadchi likaydir,He exaggerated what he's doing,راه عياق فهادشي ليكايدير
wach houwa makayfakarch,Doesnt he think ?,واش هووا ماكايفاكارش
ana blastou mlit,In his place I am bored,أنا بلاستو مليت
ga3 nas kayrdo lbak lhad l9adiya,All people are aware of this matter,ڭاع ناس كايردو لباك لهاد لقادييا
houwa bhal ila 3aych ,as if he lives,هووا بحال إلا عايش
m3a lhayawanat,With animals,معا الحيوانات
safi salit khdmti,I am done with my work,سافي ساليت خدمتي
sb9tha mazal ,I preceded her,سبقتها مازال
wakha ana ba9i m3tla,Even if I'm still late,واخا أنا باقي معطلا
bla madhki 3liya,Don't laugh at me,بلا ماضحكي علييا
ghadi dir mazal lghda,Are you still going to prepare lunch,غادي دير مازال لغدا
ana ghanwli labas 3liya,I will become rich,أنا غانولي لاباس علييا
kay3jboni ndadrha,I like her glasses,كايعجبوني ندادرها
chhal 9sira mskina,How short she is, poor thing,شحال قصيرة مسكينا
katlbsi lhawayj kbar,You wear oversized clothes,كاتلبسي لحوايج كبار
dima m3dya 3liya,She's always trespassing me,ديما معديا علييا
katl9 3liya ch3rha twil,She lets her long hair down on me,كاتلق علييا شعرها طويل
bghit sak kbir,I want a big bag,بغيت ساك كبير
kay3jbni sak lkhl,I like the black bag,كايعجبني ساك لكحل
bghit sak fih 4 djyab,I want a bag with 4 pockets,بغيت ساك فيه 4 دجياب
sikanha kolhom zwinin,Their bags are all beautiful,سيكانها كولهوم زوينين
lon l9hwi zwin,The brown color is beautiful,لون لقهوي زوين
kanbghi lwrd,I love flowers,كانبغي لورد
lworod lhmrin kay3jboni,I like red flowers,لوورود لحمرين كايعجبوني
bla matchri lwrd sfr,Don't buy yellow flowers,بلا ماتشري لورد صفر
katjib liya dayman lwrd,She always brings flowers to me,كاتجيب لييا دايمان لورد
ghanghrs lwrd fjrda dyali,I am planting flowers in my garden,غانغرس لورد فجردا ديالي
jrda dyali zwina,My garden is beautiful,جردا ديالي زوينا
bghit nchri tlfaza,I want to buy a TV,بغيت نشري تلفازا
tlfaza dyalha kbira,Her TV is big,تلفازا ديالها كبيرا
3tini charjo dyali,Give me my charger,عتيني شارجو ديالي
mchat tani 3ndk nas,She went again to those people,مشات تاني عندك ناس
ghir kador fzna9i,He is just running around the streets,غير كادور فزناقي
kat9lb ghir fin tkhcha,She is just looking for where to position herself,كاتقلب غير فين تخشا
kat3yt 3lihom tani,You are calling them again,كاتعيت عليهوم تاني
khbarha 3rfoha nas,People know her news,خبارها عرفوها ناس
bla mat3y9i tani,Don't exaggerate again,بلا ماتعيقي تاني
chhal fiha dlhdra,She speaks a lot,شحال فيها دلهدرا
dayman katkhrj,She always goes out,دايمان كاتخرج
bla matgoliha lihom,Don't tell them,بلا ماتڭوليها ليهوم
galt liya sayma lyom,She told me she is fasting today,ڭالت لييا صايما ليوم
ghansom simana jay,I am fasting newt week,غانصوم سيمانا جاي
chhal smti had chhr,How many times have you fasted this month,شحال صمتي هاد شهر
zwin syam lsha,Fasting is good for the health,زوين صيام للصحة ا
bla matb9ay t3awdi lhdra,Don't repeat the same talk,بلا ماتبقاي تعاودي لهدرا
3ziz 3liha khbar nas,She loves hearing others news,عزيز عليها خبار ناس
kay3jbha tb9a tswl,She loves keeping asking,كايعجبها تبقا تسول
lhdra bzf mamzyanach,It's not good speaking a lot,لهدرا بزف مامزياناش
t9ada liya tid,My washing powder is finished ,تقادا لييا تيد
tid kayn9i lhwayj,Washing powder cleans clothes,تيد كاينقي لحوايج
sbni hwayj rah moskhin,wash your clothes they are dirty,ضبني حوايج راه موسخين
srwalk wla khl bloskh,Your pant became black because of the dirt,سروالك ولا كحل بلوسخ
lbsi pinwark kayn lbrd,Wear your robe it's cold,لبسي پينوارك كاين لبرد
zwina had lpinwar fih jib,This robe is beautiful it contains a pocket,زوينا هاد لپينوار فيه جيب
hwayjha kay3jboni,I love her clothes,حوايجها كايعجبوني
kat3rf tlbs,She knows how to choose her clothes,كاتعرف تلبس
rihtha wa3ra,She smells good,ريحتها واعرا
khsni nchri riha,I have to buy a parfume,خسني نشري ريحا
riha dyal lmsk,Smell of musk,ريحا ديال لمسك
katb9a riha flhwayj,The parfume stays in the clothes,كاتبقا ريحا فلحوايج
matkhrjich bla riha,Don't go out without putting on perfume,ماتخرجيش بلا ريحا
rbht wahd lbaliza,I won a suitcase,ربحت واحد لباليزا
3ndi baliza f lgri,I have a grey suitcase,عندي باليزا ف لڭري
kbira had lbaliza,This suitcase is big,كبيرا هاد لباليزا
3jbatni bzf,I liked it so much,عجباتني بزف
wach ghatdiha m3ak,Are you taking it with you,واش غاتديها معاك
kant tri9 twila,The road was so long,كان طريق تويلا
imta ghatjiw,When are you coming,إمتا غاتجيو
3ndi wahd lmaryo,I have a wardrobe,عندي واحد لماريو
lon dlmaryo 9hwi,The wardrobe color is brown,لون دلماريو قهوي
chrit wahd l3sara,I bought a juicer,شريت واهد لعصارا
kansayb l3asir,I am making juice,كانصايب لعاصير
kandir l3asir lbanan,I am making banana juice,كاندير فلعاصير لبانان
kanchrbo l3asir,We are drinking juice,كانشربو لعاصير
chrbt kas d atay,I drink a cup of tea,شربت كاس د أتاي
twi kwachk,Fold up you blankets,طوي كواشك
chal mn kacha 3ndk,How many blankets do you have ?,شال من كاشا عندك
3ndi 10 dlkwach,I have 10 blankets,عندي 10 دلكواش
ylh nbato fih,Let's sleep there,يله نباتو فيه
btna fih simana,We stayed there for a week,بتنا فيه سيمانا
3jbatni dark skhona,I liked your house it's worm,عجباتني دارك سخونا
mabghach idini n3as,I couldn't sleep,مابغاش إديني نعاس
f9na fnafs lo9t,We woke up at the same time,فقنا فنافس لوقت
ana drt bzf dchghl,I have done lot of work,أنا درت بزف دشغل
ana m3gaza lyom,I am lazy today,أنا معڭازا ليوم
mabghitch nsgi lma,I don't want to bring water,مابغيتش نسڭي لما
lma dl3in bnin,The water of the spring is deliscious,لما دلعين بنين
chal mn mra bkiti,How many times have you cried ?,شال من مرا بكيتي
makanbkiich bzf,,ماكانبكيّش بزف
dhk zwin lsha,,دهك زوين لسها
dhko albnat,,دهكو ألبنات
aji ata srbi,,أجي أتا سربي
lala ghi siro t9l9t,,لالا غي سيرو تقلقت
nti dima m9l9a,,نتي ديما مقلقا
mamzyanch t9la9,,مامزيانش تقلاق
ghi siro 3sbtoni,,غي سيرو عسبتوني
nti li katgoliha,,نتي لي كاتڭوليها
chrit pc,,شريت پك
wach l pc ghali,,واش ل پك غالي
mathzich liya pc dyali,,ماتهزيش لييا پك ديالي
sta3mlih lyom,,ستاعمليه ليوم
khdam mzyan l pc,,خدام مزيان ل پك
3ndi bhal dak lpc,,عندي بهال داك لپك
haki pc dyalk,,هاكي پك ديالك
hzi liya lmkhda,,هزي لييا لمخدا
nfi9o sbah bkri,,نفيقو سباه بكري
3lch ghatfi9i bkri,,علش غاتفيقي بكري
ghanmchi nchof mama,,غانمشي نشوف ماما
mama 3ziza 3liya,,ماما عزيزا علييا
mama hiya li rbatni,,ماما هييا لي رباتني
ghadi nkhrjha ghda,,غادي نخرجها غدا
bghiti tmchi m3ana,,بغيتي تمشي معانا
ylh nmchiw kamlin,,يله نمشيو كاملين
ghaydini m3ak,,غايديني معاك
khoti 3zaz 3liya,,خوتي عزاز علييا
bla matgolhach liha,,بلا ماتڭولهاش ليها
t3amli m3aha mza,,تعاملي معاها مزا
hsn tmchi tanti,,هسن تمشي تانتي
khrjti dghya mn tma,,خرجتي دغيا من تما
achno bghiti db,,أشنو بغيتي دب
bghit tkhrji,,بغيت تخرجي
ylh hani mchit,,يله هاني مشيت
mabghitch lflos,,مابغيتش لفلوس
safi bla matkhdmi,,سافي بلا ماتخدمي
khrji db abnti,,خرجي دب أبنتي
ma9rina walo lyom,,ماقرينا والو ليوم
wach bghiti tkhrji 3liya,,واش بغيتي تخرجي علييا
rah mchiti fiha,,راه مشيتي فيها
ana mkhasma m3aha,,أنا مخاسما معاها
achno dart lik,,أشنو دارت ليك
khdat liya stylo,,خدات لييا ستيلو
wach 3ndk ghir wahd,,واش عندك غير واهد
wahd li 3ndi safi,,واهد لي عندي سافي
rah ghali bzf,,راه غالي بزف
la matgolihach liha,,لا ماتڭوليهاش ليها
bla sda3 tani,,بلا سداع تاني
skto 3liya,,سكتو علييا
maghadich nskt,,ماغاديش نسكت
3lch matdktich,,علش ماتدكتيش
maghansktch 3la h9i,,ماغانسكتش علا هقي
achnahoma lho9o9 howa li mabghach,,أشناهوما لهوقوق هووا لي مابغاش
khlihom blach,,خليهوم بلاش
aji hsi sak,,أجي هسي ساك
sak t9il,,ساك تقيل
wach bsh t9il bzf,,واش بسه تقيل بزف
rah haza fih lhjr,,راه هازا فيه لهجر
shti hiya lwla,,سهتي هييا لولا
wach 3yiti lyom,,واش عييتي ليوم
3yit hit tmchit bzf,,عييت هيت تمشيت بزف
wach bghiti tn3si,,واش بغيتي تنعسي
mabghitch n3as,,مابغيتش نعاس
rah mzyan lik rtahi,,راه مزيان ليك رتاهي
rah htahit bzf,,راه هتاهيت بزف
raha zwina bzf,,راها زوينا بزف
iwa bla mat3y9i,,إوا بلا ماتعيقي
jani n3as bzf,,جاني نعاس بزف
aji db 3ndi,,أجي دب عندي
wach kayna mamak fdar,,واش كاينا ماماك فدار
darna zwina,,دارنا زوينا
wach zwina kolha,,واش زوينا كولها
3ndhom frach bldi,,عندهوم فراش بلدي
wach lfrach t9lidi ?,,واش لفراش تقليدي ?
rah zwin t9lidi,,راه زوين تقليدي
chfti had zrbiya kbira,,شفتي هاد زربييا كبيرا
ah zwina kbira bzf,,أه زوينا كبيرا بزف
rah mzyan tkon sghira,,راه مزيان تكون سغيرا
la hadi sghira bzf,,لا هادي سغيرا بزف
fin sbati lkhdr,,فين سباتي لخدر
wach 3ndk sbat khdr 3ndi bzf d sbabt,,واش عندك سبات خدر عندي بزف د سبابت
haki sbatk lbsih,,هاكي سباتك لبسيه
wach ja m3aya lon,,واش جا معايا لون
zwinin had lwan,,زوينين هاد لوان
3ziza 3liha khti,,عزيزا عليها ختي
wach khok zwin,,واش خوك زوين
khowa zwin bzf,,خووا زوين بزف
matmchiw ghda,,ماتمشيو غدا
bla matmchi ga3,,بلا ماتمشي ڭاع
wach ghda ghayji,,واش غدا غايجي
ja lyom fsbah,,جا ليوم فسباه
nad rbi3 mza,,ناد ربيع مزا
wach lkhdra rkhisa,,واش لخدرا رخيسا
had l3am ghalya lkhdra,,هاد لعام غاليا لخدرا
wach chriti kolchi lkhdra,,واش شريتي كولشي لخدرا
mabghitch nchriha db,,مابغيتش نشريها دب
zwina hadi bzf,,زوينا هادي بزف
rah lkhdra sihiya,,راه لخدرا سيهييا
mabghacg isali lhsab,,مابغاكڭ إسالي لهساب
hyit manhsb,,هييت مانهسب
droni 3ini lyom,,دروني عيني ليوم
rah 3yana bzf,,راه عيانا بزف
mabghitch n3ya lyom,,مابغيتش نعيا ليوم
lyom mohim bnisba liya,,ليوم موهيم بنيسبا لييا
ach h99ti fhyatk,,أش هقّتي فهياتك
h99t bzf lyom,,هقّت بزف ليوم
h99ti chi injazat,,هقّتي شي إنجازات
fin ndadri abnadm,,فين ندادري أبنادم
mabghitch njawbk,,مابغيتش نجاوبك
kay3jboni lmoslsalat,,كايعجبوني لموسلسالات
bghit ntfrj m3ak,,بغيت نتفرج معاك
f9t lyoma bkr,,فقت ليوما بكر
f9t ftrt mzyan,,فقت فترت مزيان
klit lyom lkhbz olfrmaj,,كليت ليوم لخبز أُلفرماج
ghanmchi ntyb tajin,,غانمشي نتيب تاجين
bghit jlaba,,بغيت جلابا
achno lon zwin?,,أشنو لون زوين?
3ziz 3liya sfr,,عزيز علييا سفر
bghit nsafr db,,بغيت نسافر دب
chriti jlaba,,شريتي جلابا
zifk zwin,,زيفك زوين
achmn no3 3ndk?,,أشمن نوع عندك?
achmit bak?,,أشميت باك?
wach hadi khtk?,,واش هادي ختك?
siri ldarkom,,سيري لداركوم
aji 3ndna,,أجي عندنا
bla matgoliha,,بلا ماتڭوليها
khoya zwin,,خويا زوين
kbira had dar,,كبيرا هاد دار
sd3ona hado,,سدعونا هادو
nhar kaml machftha,,نهار كامل ماشفتها
jat 3ndk lyom,,جات عندك ليوم
ghi goliha liha,,غي ڭوليها ليها
bghit mrayti,,بغيت مرايتي
mrayti roziya,,مرايتي روزييا
kbira bzf had tbla,,كبيرا بزف هاد تبلا
chkoun lichraha lik,,شكون ليشراها ليك
tbla rmadiya,,تبلا رمادييا
ach ghanht ftbla,,أش غانهت فتبلا
wach mat9ditich lbareh,,واش ماتقديتيش لباره
baba lbarh kan fsou9,,بابا لباره كان فسوق
achnou jab mn sou9 ?,,أشنو جاب من سوق ?
mama makantch fdar,,ماما ماكانتش فدار
kant 3and wahd sahbtha fdar,,كانت عاند واهد ساهبتها فدار
imta mchat m3aha,,إمتا مشات معاها
wach makatmchich m3a bak lsou9,,واش ماكاتمشيش معا باك لسوق
hti lina atay olhlwa,,هتي لينا أتاي أُلهلوا
wach ba9a lhlwa,,واش باقا لهلوا
sawbat liya khalti hlwa,,ساوبات لييا خالتي هلوا
bniina had lhlwa,,بنيّنا هاد لهلوا
3ziz 3liha tanaw3,,عزيز عليها تاناوع
mataklich bzf,,ماتاكليش بزف
rah skar machi sihi,,راه سكار ماشي سيهي
koli ghir chwiya,,كولي غير شوييا
chrbti atay,,شربتي أتاي
atay bn3na3 zwin,,أتاي بنعناع زوين
katchrbi chiba,,كاتشربي شيبا
lhdra dyalha khayba,,لهدرا ديالها خايبا
malki katjri,,مالكي كاتجري
jra 3liya wahd chfar,,جرا علييا واهد شفار
sr9o liya lbstam,,سرقو لييا لبستام
wach 3ndk lflos,,واش عندك لفلوس
daw liya flosi,,داو لييا فلوسي
hsbt mzyan lflos,,هسبت مزيان لفلوس
slfini chi flos,,سلفيني شي فلوس
ari liya lmika dlkhbz,,أري لييا لميكا دلخبز
3jnti lyom alhadga,,عجنتي ليوم ألهادڭا
zwin khbz ch3ir,,زوين خبز شعير
kantyb lkhobz flfran,,كانتيب لخوبز فلفران
tybat lkhbz flm9la,,تيبات لخبز فلمقلا
ari liya rz9i,,أري لييا رزقي
wach ghanb9a dima hka,,واش غانبقا ديما هكا
manslfk mazal walo,,مانسلفك مازال والو
chhal slftk dak l3am,,شهال سلفتك داك لعام
lbst t9achr hmrin,,لبست تقاشر همرين
kbat 3liya had lhwayj,,كبات علييا هاد لحوايج
srwali sghir,,سروالي سغير
chhal kbiiir had lktab,,شهال كبيّير هاد لكتاب
chrit lktab mn lmktaba,,شريت لكتاب من لمكتابا
lmktaba dyalna kbira,,لمكتابا ديالنا كبيرا
ylh n9raw ktab,,يله نقراو كتاب
ghanrsm bab,,غانرسم باب
aji tchofi lklb,,أجي تشوفي لكلب
had lklb dryf,,هاد لكلب دريف
3tih yakl,,عتيه ياكل
kla lyom bzf,,كلا ليوم بزف
dratni rjli,,دراتني رجلي
sm3i ach kat9ra,,سمعي أش كاتقرا
3la slama mni jat,,علا سلاما مني جات
bnadm makayhchm,,بنادم ماكايهشم
hahowa ja tani,,هاهووا جا تاني
ghda kayna chda,,غدا كاينا شدا
sm3ti lbarh zlzal,,سمعتي لباره زلزال
tkhl3t lbarh bzf,,تخلعت لباره بزف
taht dar d jiran,,تاهت دار د جيران
lard thrkat bzf,,لارد تهركات بزف
kna ghanmoto,,كنا غانموتو
fin 3kri,,فين عكري
wach jlitih,,واش جليتيه
bghit ghir n3kr,,بغيت غير نعكر
haki khli,,هاكي خلي
3inik wlaw sfrin,,عينيك ولاو سفرين
lhayat rah zwina,,لهايات راه زوينا
stafdi mn l akhta dyalk,,ستافدي من ل أختا ديالك
ghi aji ngol lik,,غي أجي نڭول ليك
bla matji ghandrbk,,بلا ماتجي غاندربك
drbtha mza,,دربتها مزا
b9at fiya,,بقات فييا
mskina klat l3sa,,مسكينا كلات لعسا
kmlt lfilm dyali,,كملت لفيلم ديالي
kaydhkni had lmosalsal,,كايدهكني هاد لموسالسال
bghito ntfrjo kamlin,,بغيتو نتفرجو كاملين
ah hdrt m3ah,,أه هدرت معاه
ach khbark labas 3lih,,أش خبارك لاباس عليه
bgha nchri lih lo3ab,,بغا نشري ليه لوعاب
ghanchri lwldi lhwayj,,غانشري لولدي لحوايج
3ziz 3liya nl3b,,عزيز علييا نلعب
mchit drt ryada lyoma,,مشيت درت ريادا ليوما
nti oumn khrjti diri riyada,,نتي ومن خرجتي ديري رييادا
wach khrjtou fsbah bkri,,واش خرجتو فسباه بكري
wach mchitou lghaba limwalfin kanmchiw liha,,واش مشيتو لغابا ليموالفين كانمشيو ليها
ana makanhmlch ndir riyada tmak,,أنا ماكانهملش ندير رييادا تماك
kanfadal dik lblasa limwalfin kanmchiw liha,,كانفادال ديك لبلاسا ليموالفين كانمشيو ليها
ana kandir riyada flasal,,أنا كاندير رييادا فلاسال
imta bditi flasal,,إمتا بديتي فلاسال
bdit flasal mn chhal hadi,,بديت فلاسال من شهال هادي
imta ghaytib dak l3cha li drti,,إمتا غايتيب داك لعشا لي درتي
iwa rah kayakhd chwiya dlw9t,,إوا راه كاياخد شوييا دلوقت
ylh srbi rah mazal tab3ani lkhdma,,يله سربي راه مازال تابعاني لخدما
wakha hta wkan tsali,,واخا هتا وكان تسالي
ylh nmchiw ndoro bima tsaliw,,يله نمشيو ندورو بيما تساليو
wakha fin bghiti ndoro lyom,,واخا فين بغيتي ندورو ليوم
nmchiw lbhr wa9ila,,نمشيو لبهر واقيلا
3rfti skhoon lhal lyoma albnat,,عرفتي سخون لحال ليوما ألبنات
hiya nmchiw lbhr,,هييا نمشيو لبهر
ylh nmchiw lih db albnat,,يله نمشيو ليه دب ألبنات
wakha iwa srbi rah mcha lhal,,واخا إوا سربي راه مشا لحال
zwin lbhr lyom bzf,,زوين لبهر ليوم بزف
wach ghat3omo ntoma,,واش غاتعومو نتوما
khsna darori n3omo,,خسنا داروري نعومو
ila salina nmchiw ntghdaw,,إلا سالينا نمشيو نتغداو
kayna wahd l9hwa zwina hna,,كاينا واهد لقهوا زوينا هنا
bghiti nmchiw ldik l9hwa,,بغيتي نمشيو لديك لقهوا
ylh nmchi naklo db,,يله نمشي ناكلو دب
wakha ylh ntmchaw chwiya,,واخا يله نتمشاو شوييا
3tini nchrb m3ak.,,عتيني نشرب معاك.
khs tchrbi mzyan lma rah mohim bzf.,,خس تشربي مزيان لما راه موهيم بزف.
chal t9riban katchrbi fnhar.,,شال تقريبان كاتشربي فنهار.
ylh nkhrjo rah 9nt.,,يله نخرجو راه قنت.
"kanchrb fnhar 1ltal 1,5l.",,"كانشرب فنهار 1لتال 1,خل."
hadi 9r3a kbiiira dyal lma.,,هادي قرعا كبيّيرا ديال لما.
hadi 9r3a sghira .,,هادي قرعا سغيرا .
wach had lma skhon?,,واش هاد لما سخون?
wach chrbti lyoma mzyan?,,واش شربتي ليوما مزيان?
fin bghiti nmchiw lyom .,,فين بغيتي نمشيو ليوم .
nkhrjo akhti ghir idrbna lbrd.,,نخرجو أختي غير إدربنا لبرد.
ana 3ziz 3liya nhdd hadafi howa lwl.,,أنا عزيز علييا نهدّ هادافي هووا لول.
ndoro chwiya fso9 mon b3d nmchiw ljrda.,,ندورو شوييا فسوق مون بعد نمشيو لجردا.
chno tla9it m3a sahbti fso9.,,شنو تلاقيت معا ساهبتي فسوق.
fin knto lyoma?,,فين كنتو ليوما?
mchina drna lmasrah,,مشينا درنا لماسراه
kanghni mza bchlha,,كانغني مزا بشلها
lbst lyom libas t9lidi,,لبست ليوم ليباس تقليدي
t3rft lyom bzzf dans jdad,,تعرفت ليوم بزّف دانس جداد
fin chftihom ?,,فين شفتيهوم ?
chfthom f jda oso9 o wahd lhfla,,شفتهوم ف جدا أُسوق أُ واهد لهفلا
bsahtk lhwayj jdad 3jboni bzf,,بساهتك لحوايج جداد عجبوني بزف
chrithom mn so9,,شريتهوم من سوق
imta mchito?,,إمتا مشيتو?
mchina lbarh,,مشينا لباره
3rfti kaynin bzf d lhwayj zwinin,,عرفتي كاينين بزف د لحوايج زوينين
wach hdrti m3a wladk lyoma,,واش هدرتي معا ولادك ليوما
wach ghanmchiw lyom ldar?,,واش غانمشيو ليوم لدار?
rah mohal wach ghanmchiw mazal lyoma makaynach taxi,,راه موهال واش غانمشيو مازال ليوما ماكايناش تاشي
achmn w9t biti nkhrjo,,أشمن وقت بيتي نخرجو
lyoma chkon ghaydir l3cha,,ليوما شكون غايدير لعشا
wach ana yak?,,واش أنا ياك?
iyh rah nti li ghadiri l3cha lyom,,إيه راه نتي لي غاديري لعشا ليوم
wakha ach bghito taklo,,واخا أش بغيتو تاكلو
ana bghit tajin ofchi 3asir,,أنا بغيت تاجين أُفشي عاسير
ana bghit chi bstila,,أنا بغيت شي بستيلا
iwa hani kandir likom l3cha,,إوا هاني كاندير ليكوم لعشا
baraka 3liya albnat klit,,باراكا علييا ألبنات كليت
ghi koli mazal,,غي كولي مازال
safi klit mzyan,,سافي كليت مزيان
wa9ila dik sfa li tybt 9lila,,واقيلا ديك سفا لي تيبت قليلا
had lbnat kayaklo bzf,,هاد لبنات كاياكلو بزف
rah klaw bzf lyom,,راه كلاو بزف ليوم
ghadi tkfihom,,غادي تكفيهوم
bayna ghayjihom jo3 flil,,باينا غايجيهوم جوع فليل
achno ghandir db,,أشنو غاندير دب
hani khrjt ndir ryada,,هاني خرجت ندير ريادا
hta lyom ghadiri riyada,,هتا ليوم غاديري رييادا
ah ana dayman kandirha,,أه أنا دايمان كانديرها
wach kafyak sa3a fnhar,,واش كافياك ساعا فنهار
wakha hani mchit,,واخا هاني مشيت
imta ghatji?,,إمتا غاتجي?
ma3rft imta ghanji,,ماعرفت إمتا غانجي
mazal ga3 majat dik lbnt,,مازال ڭاع ماجات ديك لبنت
dayman m3tla f bra,,دايمان معتلا ف برا
ma3rftch saraha walo,,ماعرفتش ساراها والو
ghanmchi bkri lkhdma,,غانمشي بكري لخدما
imta ghatji mn lkhdma,,إمتا غاتجي من لخدما
ghanji mn lkhdma m3a 6,,غانجي من لخدما معا 6
rah dnya dwara,,راه دنيا دوارا
3ndi wahd sbrdila zwina,,عندي واهد سبرديلا زوينا
hta srwalk zwin,,هتا سروالك زوين
fin chriti dik sndala,,فين شريتي ديك سندالا
chrithom mn wahd so9,,شريتهوم من واهد سوق
fin bghiti nmchi lyom,,فين بغيتي نمشي ليوم
lyom ghankhym,,ليوم غانخيم
nti omn ghatkhymi,,نتي أُمن غاتخيمي
ghanmchi ana okhti nkhymo fwahd lghaba,,غانمشي أنا أُختي نخيمو فواهد لغابا
wach had lghaba zwina,,واش هاد لغابا زوينا
la kayn lbhr flghaba,,لا كاين لبهر فلغابا
ana ma3jbatnich lfikra,,أنا ماعجباتنيش لفيكرا
safi nmchi ldak lbhr,,سافي نمشي لداك لبهر
bach ghanmchiw lbhr,,باش غانمشيو لبهر
ghanmchiw b tomobil,,غانمشيو ب توموبيل
wakha zwina tomobil,,واخا زوينا توموبيل
fin chriti dik tomobil,,فين شريتي ديك توموبيل
chritha 3nd wahd lmra,,شريتها عند واهد لمرا
ah wach dik lmra b3ida,,أه واش ديك لمرا بعيدا
ah b3ida bzf,,أه بعيدا بزف
wach tanti bghiti tchriha,,واش تانتي بغيتي تشريها
saraha bghit nchriha db,,ساراها بغيت نشريها دب
lbnat 3ndi fikra zwiiina,,لبنات عندي فيكرا زويّينا
achnahiya lfikra li 3ndk,,أشناهييا لفيكرا لي عندك
nchriw chi m3za ola djaja,,نشريو شي معزا أُلا دجاجا
bghit saraha m3za,,بغيت ساراها معزا
ana bghit djaja,,أنا بغيت دجاجا
rah mnahsan nchriw m3za nchwiwha,,راه مناهسان نشريو معزا نشويوها
ana twhcht chwa,,أنا توهشت شوا
wakha bsh nit nchriw m3za zwina,,واخا بسه نيت نشريو معزا زوينا
lm3z dyal lblad zwin,,لمعز ديال لبلاد زوين
chkon ghaydb7ha lina,,شكون غايدبحها لينا
nchofo chi gzar idb7ha ylh njiboha db,,نشوفو شي ڭزار إدبحها يله نجيبوها دب
had lm3za wakha sghir,,هاد لمعزا واخا سغير
hta taman dyalha rkhis,,هتا تامان ديالها رخيس
haki koli ghay3jbk,,هاكي كولي غايعجبك
gal liya bgha nchri lih lo3ab,,ڭال لييا بغا نشري ليه لوعاب
ghanchri lwldi lo3ab o lhwayj,,غانشري لولدي لوعاب أُ لحوايج
3ziz 3liya nl3b m3a drari sghar,,عزيز علييا نلعب معا دراري سغار
mchit drt ryada lyoma ana o khti,,مشيت درت ريادا ليوما أنا أُ ختي
ylh t3chit,,يله تعشيت
klit mzyan fl3cha,,كليت مزيان فلعشا
nti wach kliti,,نتي واش كليتي
bsahtkom kamlin,,بساهتكوم كاملين
had lkacha skhona,,هاد لكاشا سخونا
wach lkacha skhona?,,واش لكاشا سخونا?
ma3rft 3lch mchiti,,ماعرفت علش مشيتي
zwina had lon,,زوينا هاد لون
wach kbira ola sghira,,واش كبيرا أُلا سغيرا
rah mtwsta,,راه متوستا
mabghitch nchri bhalha,,مابغيتش نشري بهالها
3lh mabghitch?,,عله مابغيتش?
bghit zr9,,بغيت زرق
ana kay3jbni lhmr,,أنا كايعجبني لهمر
bla matmchi tal so9,,بلا ماتمشي تال سوق
njib lik tmr,,نجيب ليك تمر
ah bghit tmr oloz,,أه بغيت تمر أُلوز
wakha ghda ngolha liha,,واخا غدا نڭولها ليها
3lch majbtich liya tmr,,علش ماجبتيش لييا تمر
hahowa 3ndi,,هاهووا عندي
wakha tanmchiw ghda,,واخا تانمشيو غدا
fin lkisan olbrad,,فين لكيسان أُلبراد
wach khbitihom,,واش خبيتيهوم
3mri lina atay db,,عمري لينا أتاي دب
jibi atay olhlwa,,جيبي أتاي أُلهلوا
wach nas jaw,,واش ناس جاو
zwina had tbla,,زوينا هاد تبلا
kbira had tbla bzf,,كبيرا هاد تبلا بزف
ylh nmchiw nt9daw,,يله نمشيو نتقداو
blati ngolik,,بلاتي نڭوليك
achno bghiti tani,,أشنو بغيتي تاني
siri jm3i lhwayj,,سيري جمعي لحوايج
ana rah tybtha lbarh,,أنا راه تيبتها لباره
wach bghiti tkhrji db,,واش بغيتي تخرجي دب
ana rah mchit lso9,,أنا راه مشيت لسوق
finahiya l9isa dyali,,فيناهييا لقيسا ديالي
3jbatni dik riwaya,,عجباتني ديك ريوايا
9rit bzf dlktoba,,قريت بزف دلكتوبا
kay3jboni aflan ro3b,,كايعجبوني أفلان روعب
ylh awldi nkhrjo,,يله أولدي نخرجو
bghiti nchri lik loz,,بغيتي نشري ليك لوز
matmchiw lchanti,,ماتمشيو لشانتي
fin mchiti tani,,فين مشيتي تاني
knt flhanot,,كنت فلهانوت
chrit roz o lkhobz,,شريت روز أُ لخوبز
zwina had lkhbz,,زوينا هاد لخبز
ach kadiri fhad lkhbz,,أش كاديري فهاد لخبز
mayb9ach tktbi bzf,,مايبقاش تكتبي بزف
l insan howa li iktb,,ل إنسان هووا لي إكتب
achno bghiti nktb,,أشنو بغيتي نكتب
ktbi hyatk lha9i9iya,,كتبي هياتك لهاقيقييا
mabghitch nchofhom,,مابغيتش نشوفهوم
bla matmchi,,بلا ماتمشي
ana bghit nkhrj,,أنا بغيت نخرج
siri hzi hwayjk,,سيري هزي حوايجك
ach bghit hwayji,,أش بغيت حوايجي
ghatmchi lhmam ghda,,غاتمشي لهمام غدا
ghanmchi lhmam db nit,,غانمشي لهمام دب نيت
wakha siri fhalk,,واخا سيري فهالك
mabghitch nmchi,,مابغيتش نمشي
ghatmchi ldarkom bzz,,غاتمشي لداركوم بزّ
makaynach chi haja bzz,,ماكايناش شي حاجة بزّ
sdi lbab,,سدي لباب
hlo dak lbab,,هلو داك لباب
ajiw db ljam3,,أجيو دب لجامع
wach slaw l3cha,,واش سلاو لعشا
slaw nas l3cha,,سلاو ناس لعشا
ylh nchofo jirana,,يله نشوفو جيرانا
rah wahd lmra mrida,,راه واهد لمرا مريدا
3ziz 3liya ndor,,عزيز علييا ندور
imta tana nwli ndor,,إمتا تانا نولي ندور
bghit ndor fl3alam,,بغيت ندور فلعالام
had lbnat 3alam,,هاد لبنات عالام
3adbouni fhyati had nas,,عادبوني فهياتي هاد ناس
achnou darou lik had nas,,أشنو دارو ليك هاد ناس
had sa3a lwa9t s3iba,,هاد ساعا لواقت سعيبا
khouha 3awnha tkhraj mn dik dar,,خوها عاونها تخراج من ديك دار
walidih hatouh fbit dlkhzin,,واليديه هاتوه فبيت دلخزين
walidin mahamlinouch oumaradyinch bih,,واليدين ماهاملينوش وماراديينش بيه
houwa chakhs moutawahid,,هووا شاخس موتاواهيد
lbolis hdar m3a khoutha,,لبوليس هدار معا خوتها
galihoum 3la lha9i9a koulha,,ڭاليهوم علا لهاقيقا كولها
3awd lihoum bli kan tla9aha fwahd tarou dzbal mli kant sghira,,عاود ليهوم بلي كان تلاقاها فواهد تارو دزبال ملي كانت سغيرا
hazouha ou9arrou anaha tb9a m3ahoum ou irbiwha,,هازوها وقارّو أناها تبقا معاهوم و إربيوها
mchaw ldarha bach irj3oha outlakaw dik tamoubil likant tmak dak nhar,,مشاو لدارها باش إرجعوها وتلاكاو ديك تاموبيل ليكانت تماك داك نهار
bdlou ray2 dialhoum,,بدلو رايء ديالهوم
mab9awch ghayrj3oha ldar,,مابقاوش غايرجعوها لدار
3anaw m3a dik lbnt hta kbrat,,عاناو معا ديك لبنت هتا كبرات
lbnt kbrat fzan9a walkin m3a khout likaybghiwha,,لبنت كبرات فزانقا والكين معا خوت ليكايبغيوها
kanou kaydirou lmoustahil 3la 9blha,,كانو كايديرو لموستاهيل علا قبلها
kaydirou ayi haja bach ikhliwha frhana,,كايديرو أيي حاجة باش إخليوها فرهانا
houma 3arfin bli kon kan m3a walidin ghat3ich flkhire,,هوما عارفين بلي كون كان معا واليدين غاتعيش فلخير
baha m3adab dima kayfakar fbntou,,باها معاداب ديما كايفاكار فبنتو
mabghatch thayad lih mn balou,,مابغاتش تهاياد ليه من بالو
houwa 9dar idir kolchi bach trja3 lih,,هووا قدار إدير كولشي باش ترجاع ليه
baha makanch 3arf achnou tra dik lila,,باها ماكانش عارف أشنو ترا ديك ليلا
ma3rft kifach n9n3ha blfikra,,ماعرفت كيفاش نقنعها بلفيكرا
3andi fikra lit9dar t3awnha,,عاندي فيكرا ليتقدار تعاونها
ma9darch mazal ikdab 3liha,,ماقدارش مازال إكداب عليها
khotha khbaw 3liha lha9i9a,,خوتها خباو عليها لهاقيقا
hiya ma3arfach wach houwa bolisi,,هييا ماعارفاش واش هووا بوليسي
mazal maktachfou chkoun likan khtatfha,,مازال ماكتاشفو شكون ليكان ختاتفها
houma makanoch chafou wjh lmra,,هوما ماكانوش شافو وجه لمرا
homa chafou tamobila kahla,,هوما شافو تاموبيلا كاهلا
htat lbnt fl 9omama,,هتات لبنت فل قوماما
htatha bidoun chafa9a,,هتاتها بيدون شافاقا
mn ba3d man3as khbawh oukharjou,,من باعد مانعاس خباوه وخارجو
kharjou ihdrou 3la dak lmawdo3,,خارجو إهدرو علا داك لماودوع
glsou fjarda oubdaw,,ڭلسو فجاردا وبداو
mabghatch mou t3awd lih 3la lha9i9a,,مابغاتش مو تعاود ليه علا لهاقيقا
bah bgha igol lih lha9i9a,,باه بغا إڭول ليه لهاقيقا
kayhadadha bl bnt likhtatef,,كايهادادها بل بنت ليختاتف
bgha igol lih bli rah howa bah,,بغا إڭول ليه بلي راه هووا باه
lwld makay3rfch chkon bah,,لولد ماكايعرفش شكون باه
mo khbat 3lih chkon ikon bah,,مو خبات عليه شكون إكون باه
tsdmat mli galiha houwa bolici,,تسدمات ملي ڭاليها هووا بوليسي
mabghatch tsnt ldakchi lighaygol,,مابغاتش تسنت لداكشي ليغايڭول
galt lih makrhtch man39alch 3la hta haja,,ڭالت ليه ماكرهتش مانعقالش علا هتا حاجة
bghat tnsa kolchi,,بغات تنسا كولشي
howa jrhha bzaf,,هووا جرهها بزاف
khba 3liha lhakika,,خبا عليها لهاكيكا
makantch 3arfa fin khedam,,ماكانتش عارفا فين خدام
kant galt lih bli n3raf rah mojrim nsmh lik,,كانت ڭالت ليه بلي نعراف راه موجريم نسمه ليك
ma9darch ikml hdartou,,ماقدارش إكمل هدارتو
mazal ma3arfat lhakika dialha,,مازال ماعارفات لهاكيكا ديالها
mab9a walou out3raf kolchi,,مابقا والو وتعراف كولشي
sawlou lmohami 3la l9adiya,,ساولو لموهامي علا لقادييا
galihoum kayn tatawour fl9adiya,,ڭاليهوم كاين تاتاوور فلقادييا
bghat 3amtou i3raf bli kayn ta9doum,,بغات عامتو إعراف بلي كاين تاقدوم
l ab sma3 bhadchi ourtah,,ل أب سماع بهادشي ورتاه
houwa hes bli 9rib itlaka bntou,,هووا هس بلي قريب إتلاكا بنتو
bntha ktachfat bli dhab machi h9i9i,,بنتها كتاشفات بلي دهاب ماشي هقيقي
dhab liwrathoum kolo mzawar,,دهاب ليوراتهوم كولو مزاوار
bghat tbayan lihoum bli mazal 3andhoum dhab,,بغات تبايان ليهوم بلي مازال عاندهوم دهاب
rajlha chko fih ba9i kay9amar,,راجلها شكو فيه باقي كايقامار
houwa 3ta dhab lsahafi,,هووا عتا دهاب لساهافي
makanoch 3ando lflous,,ماكانوش عاندو لفلوس
nsa tilifono fjarda,,نسا تيليفونو فجاردا
joz2 kbir mn dakirtou tmshat,,جوزء كبير من داكيرتو تمسهات
lbnt drbha wahd lwald,,لبنت دربها واهد لوالد
kant kat3ti lhwayj lwahad lmoutacharid,,كانت كاتعتي لحوايج لواهاد لموتاشاريد
mchat dak nhar lsbitar,,مشات داك نهار لسبيتار
hiya t3arfat m3a lbolici,,هييا تعارفات معا لبوليسي
ja 3anhoum lmat3am,,جا عانهوم لماتعام
bghato mn dak nhar,,بغاتو من داك نهار
houwa hawal i3awanha,,هووا هاوال إعاوانها
lbolici ha9a9 liha kol ahlamha,,لبوليسي هاقاق ليها كول أهلامها
wach houwa li9al9ak ?,,واش هووا ليقالقاك ?
datha 3amtha lmat3am,,داتها عامتها لماتعام
galt lihoum 3amrou liya tabla,,ڭالت ليهوم عامرو لييا تابلا
mli hdrat liha 3la dak dri bdat katbki,,ملي هدرات ليها علا داك دري بدات كاتبكي
galiha wach kathaddini,,ڭاليها واش كاتهادّيني
ila sm3at smiytek katdama3 3iniha,,إلا سمعات سمييتك كاتداماع عينيها
lbolici khas ikoun 3andou dalil,,لبوليسي خاس إكون عاندو داليل
mabghach iched lmoucjrim 9bal maykon 3andou dalil,,مابغاش إشد لموكجريم قبال مايكون عاندو داليل
lmojrim mabghach ijawbo,,لموجريم مابغاش إجاوبو
houwa twahach bah dakchi 3lach kaysoni lih,,هووا تواهاش باه داكشي علاش كايسوني ليه
khouya tab3ou bach i3raf lhakika limkhabi,,خويا تابعو باش إعراف لهاكيكا ليمخابي
mardach t3rad 3lih,,مارداش تعراد عليه
galt lih aji nglso ncharbou chihaja,,ڭالت ليه أجي نڭلسو نشاربو شيحاجة
galiha hadchi mamnasbnich,,ڭاليها هادشي مامناسبنيش
mab9ach ib9a b3id 3la khtou,,مابقاش إبقا بعيد علا ختو
houwa 3rf chkon likan tlaka ljouta,,هووا عرف شكون ليكان تلاكا لجوتا
sawalhoum wach dar dialhoum,,ساوالهوم واش دار ديالهوم
houma likanou tlakaw ljouta,,هوما ليكانو تلاكاو لجوتا
3tarfou bli kanou tlakaw lmoutacharidin,,عتارفو بلي كانو تلاكاو لموتاشاريدين
kanou khdaw jaiza mn chhal hadi,,كانو خداو جايزا من شهال هادي
darou barnamaj 3la lmoutacharidin,,دارو بارناماج علا لموتاشاريدين
houwa chirir,,هووا شيرير
ghaykon houwa litlaka ljota,,غايكون هووا ليتلاكا لجوتا
kan kayhadad mol lf3la,,كان كايهاداد مول لفعلا
lbnt 3rfat bli baha kayl3ab l9imar,,لبنت عرفات بلي باها كايلعاب لقيمار
kaygol 3liha amira,,كايڭول عليها أميرا
hiya labas 3liha,,هييا لاباس عليها
houwa fa9ir wmtcharad,,هووا فاقير ومتشاراد
kandan bli katbghih wakha ma3andou hta haja,,كاندان بلي كاتبغيه واخا ماعاندو هتا حاجة
kanou fsouk khdat hwayj ldrari,,كانو فسوك خدات حوايج لدراري
3andha raghba kbire t3awan lmotacharidin,,عاندها راغبا كبير تعاوان لموتاشاريدين
khouha tmsh nas mn dakirtou,,خوها تمسه ناس من داكيرتو
dar thr9at,,دار تهرقات
kanou kay9albou 3la tswirth lbnt,,كانو كايقالبو علا تسويرته لبنت
lbolici khda tswira tlbnt,,لبوليسي خدا تسويرا تلبنت
lbolici chek bli lbnt mkhtatfa,,لبوليسي شك بلي لبنت مختاتفا
film lyouma kayhdar 3la lfa9r,,فيلم ليوما كايهدار علا لفاقر
wach 3amarak kounti fa9ir ?,,واش عاماراك كونتي فاقير ?
akhyab haja hiya lfa9r,,أخياب حاجة هييا لفاقر
kayn mskin lli ma3andouch mayakoul,,كاين مسكين اللي ماعاندوش ماياكول
kayn lli ila bgha yakoul khobza khaso itlabha,,كاين اللي إلا بغا ياكول خوبزا خاسو إتلابها
bghit ndir machrou3 khas biya,,بغيت ندير ماشروع خاس بييا
chno ghadir fhad lmachrou3,,شنو غادير فهاد لماشروع
ghandir tawzi3 lwajabat sihiya,,غاندير تاوزيع لواجابات سيهييا
had lmachrou3 ghaykon matlob bzaf,,هاد لماشروع غايكون ماتلوب بزاف
kolchi wla kaybghi yakoul makla sihiya,,كولشي ولا كايبغي ياكول ماكلا سيهييا
lidayr regim ghat3jbou lfikra,,ليداير رڭيم غاتعجبو لفيكرا
saraha had lmachrou3 zwin,,ساراها هاد لماشروع زوين
bzzef dnas lli khdamin ghadi istafdo mano,,بزّف دناس اللي خدامين غادي إستافدو مانو
kayn lima3andhoumch lwa9t bach itaybo,,كاين ليماعاندهومش لواقت باش إتايبو
kayn li makat3jabhoumch lmakla barda,,كاين لي ماكاتعجابهومش لماكلا باردا
makat3jabhoumch lmakla bayta,,ماكاتعجابهومش لماكلا بايتا
3ziza 3lihoum lmakla skhouna,,عزيزا عليهوم لماكلا سخونا
3ziza 3lihoum lmakla sihiya,,عزيزا عليهوم لماكلا سيهييا
homa dayrin rijim,,هوما دايرين ريجيم
makhashoumch yaklo makla dasima,,ماخاسهومش ياكلو ماكلا داسيما
mama fiha kolistirol,,ماما فيها كوليستيرول
hiya dima kathawal mataklch lmar9a,,هييا ديما كاتهاوال ماتاكلش لمارقا
ghas darouri thal hisab flbanca,,غاس داروري تهال هيساب فلبانكا
chno ghadi ikhasni bach nhalo,,شنو غادي إخاسني باش نهالو
ghadi thali hisab daba,,غادي تهالي هيساب دابا
ana 3yit mn hadchi dialk,,أنا عييت من هادشي ديالك
hachno ghadi ikhasak,,هاشنو غادي إخاساك
wach momkin che hed iyakhod mnha che haja,,واش مومكين ش هد إياخود منها ش حاجة
momkin maykounch endo cod,,مومكين مايكونش إندو كود
homa maghayrjo3ach lik,,هوما ماغايرجوعاش ليك
makhashoumch izidou ichriw,,ماخاسهومش إزيدو إشريو
wach marja3ch lik flosk,,واش مارجاعش ليك فلوسك
bghit ndir fir9a mosiy9iya,,بغيت ندير فيرقا موسييقييا
chkoun bgha idir fir9a mosiy9iya,,شكون بغا إدير فيرقا موسييقييا
chhal mn chakhs khas ikoun fhad lfir9a ?,,شهال من شاخس خاس إكون فهاد لفيرقا ?
khas ikouno 5 dyal achkhas,,خاس إكونو 5 ديال أشخاس
ana bghit nghani,,أنا بغيت نغاني
sahbti ghadi t3zaf lkaman,,ساهبتي غادي تعزاف لكامان
wahd lbnt ghadi t3zaf 3la lpyano,,واهد لبنت غادي تعزاف علا لپيانو
khas ly chaja3na,,خاس لي شاجاعنا
kifach ghadi ntal3o lmasrah ?,,كيفاش غادي نتالعو لماسراه ?
fiya lkhal3a bzzef,,فييا لخالعا بزّف
khas tkoun 3andak ti9a frasak,,خاس تكون عانداك تيقا فراساك
khas tkoun choja3 bach tla3 lmasrah,,خاس تكون شوجاع باش تلاع لماسراه
ghadi tkoun fmojabaha m3a ljomhour,,غادي تكون فموجاباها معا لجومهور
ljomhor ktir had nhar,,لجومهور كتير هاد نهار
wach dartou chi i3lan,,واش دارتو شي إعلان
ghadi ikoun jomhour kbir,,غادي إكون جومهور كبير
ghadi ikoun l3ard blil,,غادي إكون لعارد بليل
ghadi ikoun l3ard flhawa tal9,,غادي إكون لعارد فلهاوا تالق
khaft nchouf ljomhour wimchi liya kolchi,,خافت نشوف لجومهور ويمشي لييا كولشي
khasna nkhtaro lbsa mowahada,,خاسنا نختارو لبسا موواهادا
achmn loun nkhtaro?,,أشمن لون نختارو?
ndiro saya flkhal o9amija fzra9,,نديرو سايا فلخال أُقاميجا فزراق
had lmra ghadi nkhtar tamtil,,هاد لمرا غادي نختار تامتيل
ma3rft chno hsan wach lmosi9a ola tamtil,,ماعرفت شنو هسان واش لموسيقا أُلا تامتيل
tamtil kanl9a fih rahti,,تامتيل كانلقا فيه راهتي
khasna nti9o flkhtiyar dyalna,,خاسنا نتيقو فلختييار ديالنا
tamtil katkhraj mn chkhsiytak,,تامتيل كاتخراج من شخسييتاك
kaykhasak t9amas dawr ly 3tawak,,كايخاساك تقاماس داور لي عتاواك
tamtil fih lflous,,تامتيل فيه لفلوس
kaynin bzzef dyal adwar,,كاينين بزّف ديال أدوار
bghit dawr dyal wahd là-bas 3lih,,بغيت داور ديال واهد لà-باس عليه
khasni dawr jdid,,خاسني داور جديد
makanhmalch adwar tanawiya,,ماكانهمالش أدوار تاناوييا
khaso il3ab dawr raisi,,خاسو إلعاب داور رايسي
ljomhour kayhma9o 3la had lmomatil,,لجومهور كايهماقو علا هاد لموماتيل
ghadi ijib bzzef dyal lmotafarijin,,غادي إجيب بزّف ديال لموتافاريجين
lmokhrij jra 3la dak lmomatil,,لموخريج جرا علا داك لموماتيل
makay3rafch imtal bhal had adwar,,ماكايعرافش إمتال بهال هاد أدوار
mchat 3andou ldar,,مشات عاندو لدار
hiya bghat thdar m3ah,,هييا بغات تهدار معاه
kan 3arf bli ma3andhoumch lacart,,كان عارف بلي ماعاندهومش لاكارت
hiya ham9a dghiya tiy9atou,,هييا هامقا دغييا تييقاتو
houwa bgha ihmiha mn dak chirir,,هووا بغا إهميها من داك شيرير
lhadaf dialou hou in9d douk drari,,لهاداف ديالو هو إنقد دوك دراري
makantch 3andhoum 3aila,,ماكانتش عاندهوم عايلا
dima kaytlbha tsamhou,,ديما كايتلبها تسامهو
makantch katkhaf mn hta haja,,ماكانتش كاتخاف من هتا حاجة
hiya katbghih bhal ila houma bouhdhoum likaynin,,هييا كاتبغيه بهال إلا هوما بوهدهوم ليكاينين
baha chafha li awal mra fhyatou,,باها شافها لي أوال مرا فهياتو
kathas bli lwa9t t9il,,كاتهاس بلي لواقت تقيل
houwa khba 3liha chhal mn haja,,هووا خبا عليها شهال من حاجة
chwiya oughat3raf lmadi dialha,,شوييا وغاتعراف لمادي ديالها
lbolici blgh b mo,,لبوليسي بلغ ب مو
l om dialou hiya likant khdar lbnt,,ل أُم ديالو هييا ليكانت خدار لبنت
hiya khdat lbnt mn mha,,هييا خدات لبنت من مها
khdat lbnt ou3tta bach ilouhoha fl 9omama,,خدات لبنت وعتّا باش إلوهوها فل قوماما
howa ma9darch ism l mo,,هووا ماقدارش إسم ل مو
chirir kan ishabou ghaysad l9adiya,,شيرير كان إسهابو غايساد لقادييا
houwa dima kaygolo lih wld lkhedama,,هووا ديما كايڭولو ليه ولد لخداما
3ach fdorof khayba,,عاش فدوروف خايبا
kanou kay3amlouh btari9a khyaba,,كانو كايعاملوه بتاريقا خيابا
houwa makaybghihach tsawalou,,هووا ماكايبغيهاش تساوالو
bgha hyatou mat3rafch,,بغا هياتو ماتعرافش
bgha asrarou ib9aw lih bouhdou,,بغا أسرارو إبقاو ليه بوهدو
mn sbah ouhiya katbki,,من سباه وهييا كاتبكي
jab khouya lhalazoun mn lghaba,,جاب خويا لحالازون من لغابا
lhalazoun mofid lsiha,,لهالازون موفيد لسيها
lhalazoun dyal jbal zwin,,لهالازون ديال جبال زوين
lhalazoun kayakoul l3ochb hhhh,,لهالازون كاياكول لعوشب هههه
chno kayakoul lhalazoun?,,شنو كاياكول لحالازون?
lhalazoun kaytst3mal fl3inaya blbachara,,لهالازون كايتستعمال فلعينايا بلباشارا
chno isti3malat dyal lhalazoun ?,,شنو إستيعمالات ديال لحالازون ?
lhalazoun mofid l alam lbatan,,لهالازون موفيد ل ألام لباتان
lhalazoun kaytghda 3la za3tar,,لهالازون كايتغدا علا زاعتار
kayhato lhalazoun 3la lwjah,,كايهاتو لحالازون علا لوجاه
s3ib tbni dar fhad lwa9t,,سعيب تبني دار فهاد لواقت
khas tjib chi tachroun dyal lbni,,خاس تجيب شي تاشرون ديال لبني
chno ghadi ikhas bach nbni dar ?,,شنو غادي إخاس باش نبني دار ?
khasak tchri lard howa lowal,,خاساك تشري لارد هووا لووال
ghadi igoulik tachroun chno khasak,,غادي إڭوليك تاشرون شنو خاساك
ghadi tjib lbrik ormla osima,,غادي تجيب لبريك أُرملا أُسيما
kayna sima bida osima dyal lbni,,كاينا سيما بيدا أُسيما ديال لبني
ghadi ikhas lhdid bach tbni,,غادي إخاس لهديد باش تبني
3andi arad kbira,,عاندي أراد كبيرا
ghadi nbni jouj byout osaloun,,غادي نبني جوج بيوت أُسالون
chargeur dyali khdam mzyan,,شارڭور ديالي خدام مزيان
ghadi ndir lfayouns lkozina,,غادي ندير لفايونس لكوزينا
ghadi ikhas lfayouns dyal twalit,,غادي إخاس لفايونس ديال تواليت
ghandir lamozik lbyouta,,غاندير لاموزيك لبيوتا
ghanjib 20 khancha dyal sima,,غانجيب 20 خانشا ديال سيما
khas rmal ijibo moul lkarousa,,خاس رمال إجيبو مول لكاروسا
ghadi ikhas bzzef dyal lkhdama,,غادي إخاس بزّف ديال لخداما
imta ghaysaliw lbni dyal tab9a 1 ?,,إمتا غايساليو لبني ديال تابقا 1 ?
khas tsarbiw lbni dyal tab9a lowla,,خاس تساربيو لبني ديال تابقا لوولا
dar hiya sas ikoun shih,,دار هييا ساس إكون سهيه
bit saboun fin ghandirouha ?,,بيت سابون فين غانديروها ?
bit saboun dar fstah,,بيت سابون دار فستاه
chriti lfayouns dyal bit n3as ?,,شريتي لفايونس ديال بيت نعاس ?
kaynin bzzef dyal chkal flfayouns,,كاينين بزّف ديال شكال فلفايونس
khas ndiro loun maftouh flfayouns dyal saloun,,خاس نديرو لون مافتوه فلفايونس ديال سالون
ama hsan lfayouns ola lamozik ?,,أما هسان لفايونس أُلا لاموزيك ?
ljahl howa t3ich fdlam,,لجاهل هووا تعيش فدلام
ljahl tawahad mabghah,,لجاهل تاواهاد مابغاه
l3ilm nour oljahl 3ar,,لعيلم نور أُلجاهل عار
ljahl hiya matkoun faham waloo,,لجاهل هييا ماتكون فاهام والو
ljahl hiya matkoun kat3raf thadar,,لجاهل هييا ماتكون كاتعراف تهادار
chnahowa ljahal ?,,شناهووا لجاهال ?
tawahadoud marad nafsani,,تاواهادود ماراد نافساني
s3ib ikoun chi wahad 9rib lik fih tawahoud,,سعيب إكون شي واهاد قريب ليك فيه تاواهود
ma3raft kifach kaytfahmo m3ah ?,,ماعرافت كيفاش كايتفاهمو معاه ?
chnahowa tawahoud ?,,شناهووا تاواهود ?
chkoun lli fih tawahoud ?,,شكون اللي فيه تاواهود ?
chhal mn wahad fih tawahoud ?,,شهال من واهاد فيه تاواهود ?
bzzef dyal nas fl3alam fihoum tawahoud,,بزّف ديال ناس فلعالام فيهوم تاواهود
ma3raft chno howa sabab ftawahoud,,ماعرافت شنو هووا ساباب فتاواهود
wach momkin lli mosab btawahoud i9ra ?,,واش مومكين اللي موساب بتاواهود إقرا ?
wach momkin lli mosab btawahoud iktab ?,,واش مومكين اللي موساب بتاواهود إكتاب ?
chaft halat dyal tawahoud ndamjo flmojtama3,,شافت هالات ديال تاواهود ندامجو فلموجتاماع
wach momkin indamjo flmojtama3?,,واش مومكين إندامجو فلموجتاماع?
s3ib indamjo khashoum mora9aba,,سعيب إندامجو خاسهوم موراقابا
khas ta3amol ma3a tawahoud btari9a khasa,,خاس تاعامول ماعا تاواهود بتاريقا خاسا
wach bhalo bhal tifal 3adi ?,,واش بهالو بهال تيفال عادي ?
tawahoud machi bhal tifal l3adi,,تاواهود ماشي بهال تيفال لعادي
kaygolo bli téléphone hiya lli khrjat 3la drari,,كايڭولو بلي تéلéپهون هييا اللي خرجات علا دراري
téléphone hiya sbab ftawahoud,,تéلéپهون هييا سباب فتاواهود
tlfaza hiya sbab ftawahoud,,تلفازا هييا سباب فتاواهود
mli katkhali tifal 2 ans amam tlfaza rak tfantih,,ملي كاتخالي تيفال 2 أنس أمام تلفازا راك تفانتيه
kaynin jouj anwa3 dyal tawahoud,,كاينين جوج أنواع ديال تاواهود
lprissa khsrat lyouma,,لپريسّا خسرات ليوما
wach lli fih tawahoud momkin itzowaj,,واش اللي فيه تاواهود مومكين إتزوواج
makandanch lli fih tawahoud momkin itzowaj,,ماكاندانش اللي فيه تاواهود مومكين إتزوواج
chaft wahd dri fih tawahoud owsal la3la lmaratib,,شافت واهد دري فيه تاواهود أُوسال لاعلا لماراتيب
momkin tl9a tifl mrid tawahoud hsan mn tifal 3adi,,مومكين تلقا تيفل مريد تاواهود هسان من تيفال عادي
makhasanach nhagto 9odorathoum,,ماخاساناش نهاڭتو قودوراتهوم
3andhoum 9odorathoum lkhasa,,عاندهوم قودوراتهوم لخاسا
tifl tawahoud momkin idir bzzef dyal lhajat zwina,,تيفل تاواهود مومكين إدير بزّف ديال لحاجةت زوينا
kaynin atfl galsin 3la karasi motaharika,,كاينين أتفل ڭالسين علا كاراسي موتاهاريكا
ma9adrin la itharko la itmchaw,,ماقادرين لا إتهاركو لا إتمشاو
khouya kan galas fkorsi motaharik,,خويا كان ڭالاس فكورسي موتاهاريك
lmo3a9 mahdouma ho9o9o fhad lblad,,لموعاق ماهدوما هوقوقو فهاد لبلاد
makhtarch ikoun mo3a9,,ماختارش إكون موعاق
li3a9a hiya matkounch 9adar dir mohima ola bzzef dyal lmaham,,ليعاقا هييا ماتكونش قادار دير موهيما أُلا بزّف ديال لماهام
s3ib tkoun mo3a9,,سعيب تكون موعاق
lmojtama3 makayrhamch,,لموجتاماع ماكايرهامش
kaychouf lmo3a9 bnadra na9sa,,كايشوف لموعاق بنادرا ناقسا
3lach lmojtama3 dayr haka ?,,علاش لموجتاماع داير هاكا ?
rijl istina3iya kat3awan lli ma3andouch rjal,,ريجل إستيناعييا كاتعاوان اللي ماعاندوش رجال
l i3a9a anwa3,,ل إعاقا أنواع
lmo3a9 radi b9adar lah,,لموعاق رادي بقادار الله
lmo3a9 khasna n3awnouh,,لموعاق خاسنا نعاونوه
khasna nsahlo lhayat lmo3a9,,خاسنا نساهلو لهايات لموعاق
ta howa khasna n3awnouh ikhdam,,تا هووا خاسنا نعاونوه إخدام
khaso i3abar 3la raso,,خاسو إعابار علا راسو
kifach kay3icho nas lmo3a9in ?,,كيفاش كايعيشو ناس لموعاقين ?
wach kathtarmo lmo3a9in ?,,واش كاتهتارمو لموعاقين ?
lmo3a9 kayhas blikti2ab,,لموعاق كايهاس بليكتيأب
lmo3a9 kaysad 3la raso fdar,,لموعاق كايساد علا راسو فدار
lmo3a9 khas ly isando wikoun m3ah,,لموعاق خاس لي إساندو ويكون معاه
siha ni3ma makay3raf biha ghi lli fa9dha,,سيها نيعما ماكايعراف بيها غي اللي فاقدها
lmo3a9 kaybghi lihtimam bzayd,,لموعاق كايبغي ليهتيمام بزايد
lmo3a9 mhtaj lhob mn taraf 3ailto,,لموعاق مهتاج لهوب من تاراف عايلتو
lli kay3raf chi mo3a9 ida3mo nafsiyan,,اللي كايعراف شي موعاق إداعمو نافسييان
lhob kayt3ta makaytchrach,,لهوب كايتعتا ماكايتشراش
nihayat kol 3ala9a hiya zawaj,,نيهايات كول عالاقا هييا زاواج
lghich flimtihan kayjib so9out,,لغيش فليمتيهان كايجيب سوقوت
kaytla3 bnadam raso khawi,,كايتلاع بنادام راسو خاوي
mafih ta ma3louma mofida,,مافيه تا ماعلوما موفيدا
bach kaynfa3koum lghich ?,,باش كاينفاعكوم لغيش ?
baghyin tnajho bachma kan,,باغيين تناجهو باشما كان
lghich makayjib ghi lkhtiya,,لغيش ماكايجيب غي لختييا
chaft drari wlaw kayghacho bzzef flimtihanat ichhadiya,,شافت دراري ولاو كايغاشو بزّف فليمتيهانات إشهادييا
wach darouri tghach bach tnjah ?,,واش داروري تغاش باش تنجاه ?
lghach makaynfa3 fwalo,,لغاش ماكاينفاع فوالو
lhchma mab9at fhad lwa9t,,لهشما مابقات فهاد لواقت
lbnat kharjo tri9 nsaw lhchma,,لبنات خارجو تريق نساو لهشما
lbnat kaydkhlo wa9tma galha lihoum rashoum,,لبنات كايدخلو واقتما ڭالها ليهوم راسهوم
kaylabso l9sir okayt3raw,,كايلابسو لقسير أُكايتعراو
nsaw klam lah fl9or2an,,نساو كلام الله فلقورأن
lhijab soutra lilmar2a,,لهيجاب سوترا ليلمارأ
lhijab darouri lmra tlabso,,لهيجاب داروري لمرا تلابسو
lmra l3afifa hiya lli katlbas lhijab,,لمرا لعافيفا هييا اللي كاتلباس لهيجاب
lhijab hiya lbas twil lmohtachim,,لهيجاب هييا لباس تويل لموهتاشيم
chnahowa lhijab ?,,شناهووا لهيجاب ?
imta khas lmra tlbas lhijab ?,,إمتا خاس لمرا تلباس لهيجاب ?
wach lhijab kaytlbas fdar obra dar ?,,واش لهيجاب كايتلباس فدار أُبرا دار ?
kanfkar ndir lhijab,,كانفكار ندير لهيجاب
mazal makhtarit lhijab lli ghadi nkhayit,,مازال ماختاريت لهيجاب اللي غادي نخاييت
kan3raf wahd lkhyata zwinaa,,كانعراف واهد لخياتا زوينا
lhijab kaynowar wajh lmr2a,,لهيجاب كاينووار واجه لمرأ
lhijab kaykhali kolchi ihtaram lmr2a,,لهيجاب كايخالي كولشي إهتارام لمرأ
makhasanach n9aldo nsara flibas dyalhoum,,ماخاساناش نقالدو نسارا فليباس ديالهوم
walina kolna kanlabso lm3ari,,والينا كولنا كانلابسو لمعاري
finahowa libas dayam zaman?,,فيناهووا ليباس دايام زامان?
mchat l3ifa olwa9ar m3a dak libas,,مشات لعيفا أُلواقار معا داك ليباس
chno kano kaylabso f9adim zaman?,,شنو كانو كايلابسو فقاديم زامان?
man ghachana falyasa mina,,مان غاشانا فالياسا مينا
jarna kayn9as flmizan,,جارنا كاينقاس فلميزان
mab9awch nas kayt9daw 3ando,,مابقاوش ناس كايتقداو عاندو
nas kayzido flmizan ohowa kayn9as fih,,ناس كايزيدو فلميزان أُهووا كاينقاس فيه
bachmn wjah ghadi itlaga m3a lli khal9o,,باشمن وجاه غادي إتلاڭا معا اللي خالقو
3lach kayn9as flmizan ?,,علاش كاينقاس فلميزان ?
khaso izid l3bar,,خاسو إزيد لعبار
l3bar dima na9as 3ando,,لعبار ديما ناقاس عاندو
l3bar kayzid fih mra mra,,لعبار كايزيد فيه مرا مرا
dgit libra lyouma dyal lhla9am,,دڭيت ليبرا ليوما ديال لهلاقام
tnafkho liya lhla9am bzzef,,تنافخو لييا لهلاقام بزّف
3lach kaydago libra ?,,علاش كايداڭو ليبرا ?
sbitar 3amar lyouma,,سبيتار عامار ليوما
tbib kaykhiyat jarah blibra,,تبيب كايخييات جاراه بليبرا
lyouma ghanrkab tiyara,,ليوما غانركاب تييارا
kayna ghowasa taht lma,,كاينا غوواسا تاهت لما
tiyara katir fsma,,تييارا كاتير فسما
sahbti sabaha mahira,,ساهبتي ساباها ماهيرا
sibaha mofida lsiha,,سيباها موفيدا لسيها
chkoun lli 3lmak sibaha?,,شكون اللي علماك سيباها?
fin t3alamti sibaha ?,,فين تعالامتي سيباها ?
khas chkoun i3almak sibaha,,خاس شكون إعالماك سيباها
sibaha kat3lmak sabar,,سيباها كاتعلماك سابار
sibaha katzid mn racha9a,,سيباها كاتزيد من راشاقا
sibaha kat9ad lforma,,سيباها كاتقاد لفورما
riyada mofida lsiha,,رييادا موفيدا لسيها
rijim darouri mano,,ريجيم داروري مانو
chkoun 3tak had rijim ?,,شكون عتاك هاد ريجيم ?
had rijim 9asah,,هاد ريجيم قاساه
kandir riyada kola sbah,,كاندير رييادا كولا سباه
nhar lhad kandowzo flbhar,,نهار لهاد كاندووزو فلبهار
lhad darouri mn riyada,,لهاد داروري من رييادا
riyada hiya kolchi,,رييادا هييا كولشي
kharaj liya tbib riyada,,خاراج لييا تبيب رييادا
nti oman kadiri riyada ?,,نتي أُمان كاديري رييادا ?
kankharjo kamlin fsbah bkri,,كانخارجو كاملين فسباه بكري
imta katkharjo diro riyada ?,,إمتا كاتخارجو ديرو رييادا ?
riyada kathiyid lkarch,,رييادا كاتهيييد لكارش
riyada kat9awi l3dam,,رييادا كاتقاوي لعدام
lmascara khsrat liya rmouchi,,لماسكارا خسرات لييا رموشي
darouri mandir l3kar kola sbah,,داروري ماندير لعكار كولا سباه
sahbti hata l3kar fou9 lmida,,ساهبتي هاتا لعكار فوق لميدا
l3kar kaytala3 lmoral,,لعكار كايتالاع لمورال
fkrii fchno ghaytala3 lik lmoral,,فكريّ فشنو غايتالاع ليك لمورال
ghanhaz lbaliza onsafar b3id,,غانهاز لباليزا أُنسافار بعيد
njoul lboldan howa holmi,,نجول لبولدان هووا هولمي
